{
  "cluster_centers": [
    [
      80.27219696969695,
      127.84113636363637,
      131.19848484848484,
      16.34494509945867,
      0.6714184997982875,
      0.8726016261582367
    ],
    [
      160.29611111111112,
      127.47638888888889,
      129.88736111111112,
      36.69853809411498,
      0.5451758145235794,
      0.8100547792581416
    ],
    [
      208.53846153846155,
      127.42076923076924,
      129.7076923076923,
      5.706921351863805,
      0.30392060022233647,
      0.6248287415412035
    ]
  ],
  "empty_cluster": 1,
  "light_cluster": 2,
  "dark_cluster": 0,
  "empty_samples_mean": [
    145.98695312499999,
    127.661953125,
    129.58703125,
    14.737247003795819,
    0.44823235110401705,
    0.5400144549192296
  ],
  "empty_samples_std": [
    55.49707793804882,
    0.535057946035039,
    1.0714577244452717,
    18.57727490083781,
    0.23487377271901816,
    0.8202367309065626
  ]
}