{
  "cluster_centers": [
    [
      90.91601851851853,
      127.92298611111111,
      131.7526851851852
    ],
    [
      195.65529605263157,
      127.44296052631579,
      129.92138157894738
    ],
    [
      137.71121527777777,
      127.59614583333334,
      130.34666666666666
    ]
  ],
  "empty_cluster": 1,
  "light_cluster": 0,
  "dark_cluster": 2,
  "empty_samples_mean": [
    151.25482421874997,
    127.6371484375,
    129.68306640625
  ],
  "empty_samples_std": [
    47.37566243590767,
    0.424837771700192,
    1.183962899934892
  ]
}